first_name,last_name,location
Francesco,Sonja,"Greater Atlanta Area, US"
DiaNa,Gonzalez,"San Diego, California"
jose jan,Kropacsy,"Palma De Mallorca, Spain"
Peter,Bacelar,"Santa Cruz de la Sierra, Bolivia"
Marcos,Lee,"London, United Kingdom"
Guillermo,Raisinghani,"San Francisco, California"
Lee Peng,Churanova,"Chile, CL"
JOSE JULIO,Chanda,"Lima, Peru"
Takahiro,Muñoz,"New York, New York"
Ieva,Şeker,"Riyadh, Saudi Arabia"
Stavros,Castillo,"Dublin, Ireland"
Cheri,Ridley,"New York, New York"
Nicolaj,Valenzuela,"Houston, Texas"
Eveline,White,"Giza, Egypt"
Pablo,Ramirez,"Chennai, Tamil Nadu"
Arlo,Sarabia,"Reykjavík, Iceland"
Stefan,Ilagan,"San Diego, California"
Guive,Barlın,"Houston, Texas"
Karito,Reyes,"Valparaíso, Chile"
Aldo,Naiman,"West Hollywood, California"
Archer,Holloway,"Palo Alto, California"
Charlie,O Guerrero,"Penang, Malaysia, MY"
Ahmed,Henflen,"Yokosuka, Kanagawa"
Ian,Baylin,"Recife, Brazil"
Himanshu,Faden,"London, United Kingdom"
Андрей,Hagege,"Coquimbo, Chile"
Tina,Tan,"Los Angeles, California"
Ruta,Dyer,"Menlo Park, California"
Imran,AbdOu,"Santiago, Chile"
Iyad,Perea,"San Francisco Bay Area, US"
Daniel,Díaz Pardo,"Moscow, Russia"
David,Galloway,"Cambridge, Massachusetts"
Osvaldo,Ilievski,Vellore
Paula,Zaki,Cerro de Pasco
Misha,Marin Castillo,"São Paulo, Brazil"
Nimesh,Orozco,"Kadiköi, Istanbul, Turkey"
Yord,Perez,"Minneapolis, Minnesota"
Benjamin,Villalobos Araya,"Serra, Espirito Santo"
Ted,Bucatinschi,"Chile, CL"
Rajesh,Eldan Rivera,"Moscow, Russia"
Dani,Agrawal,"La Serena, Chile"
Tony,Le,"Chile, CL"
Gabriela,Lumbreras Mora,"Brasília, Brazil"
Maritza,Hosokawa,"Cairo, Egypt"
Tuấn,López,"Guayaquil, Ecuador"
Phil,Charalampidis,"Tbilisi, Georgia"
Célia,Colborn,"Madrid Area, Spain, ES"
Renew,Gallegos MacDonald,"Oxford, Oxfordshire"
Anneke,Kolachalam,"Washington, District of Columbia"
Julio Abraham,Baligh,"Walnut Creek, California"